工務段,國道編號,方向,里程,經度,緯度,日期,詳細類群,可能種類推測
南投,3,N,209.1,120.6637003,24.065077,2016/1/12,中小鳥,鴿子
南投,3,S,199.3,120.5790795,24.102178,2016/1/12,中小鳥,鴿子
南投,3,N,223,120.657188,23.9573125,2016/1/13,中小鳥,斑鳩
南投,3,N,215.6,120.6616408,24.016751,2016/1/14,中小鳥,斑鳩
南投,3,S,222.1,120.6500562,23.96336467,2016/1/14,其他,無法辨識
南投,3,N,217.3,120.651886,24.00448667,2016/1/18,中小鳥,鴿子
南投,3,N,221.5,120.6488072,23.9677145,2016/1/19,中小鳥,斑鳩
南投,3,S,197.1,120.557979,24.10608033,2016/1/19,中小鳥,斑鳩
南投,3,N,196.3,120.5513732,24.108288,2016/1/20,中小鳥,鴿子
南投,3,S,220.6,120.65029,23.97646133,2016/1/20,中小鳥,斑鳩
南投,3,S,209.3,120.6647223,24.06439283,2016/1/21,中小鳥,斑鳩
南投,3,N,200.6,120.5919902,24.09859,2016/1/22,中小鳥,小白鷺或黃頭鷺
南投,3,S,218.6,120.6508628,23.99397667,2016/1/22,中小鳥,鴿子
南投,3,N,205.4,120.6322687,24.07837167,2016/1/23,中小鳥,斑鳩
南投,3,N,207.9,120.6523945,24.06787683,2016/1/25,中小鳥,鴿子
南投,3,S,199.6,120.5817398,24.101051,2016/1/25,中小鳥,斑鳩
南投,3,N,219.3,120.6528543,23.98700083,2016/1/26,中小鳥,鴿子
南投,3,S,209.3,120.6647223,24.06439283,2016/1/26,中小鳥,鴿子
南投,3,N,207.9,120.6523945,24.06787683,2016/1/27,中小鳥,斑鳩
南投,3,S,205.3,120.631019,24.07926083,2016/1/27,中小鳥,斑鳩
中壢,2,E,16.3,121.307972,24.973431,2016/1/26,貓狗,貓
中壢,1,N,66.8,121.1738212,24.927431,2016/1/22,中小鳥,無法辨識
中壢,1,S,80.1,121.065725,24.87769167,2016/1/18,中小鳥,竹雞
中壢,1,S,80.2,121.0648238,24.87736167,2016/1/26,大鳥,鳳頭蒼鷹
中壢,1,S,56.1,121.2451495,24.996343,2016/1/5,中小鳥,鴿子
中壢,1,S,56.7,121.2412272,24.99241,2016/1/5,中小鳥,鴿子
中壢,1,S,62,121.2026498,24.96015367,2016/1/5,中小鳥,鴿子
中壢,1,S,67,121.1730087,24.92703483,2016/1/5,中小鳥,大卷尾
中壢,1,N,69.3,121.1638772,24.90730133,2016/1/5,中小鳥,斑鳩
中壢,1,N,66.8,121.1738212,24.927431,2016/1/5,中小鳥,斑鳩
中壢,1,N,65.2,121.1877915,24.9341675,2016/1/5,中小鳥,鴿子
中壢,1,N,89.6,121.0222515,24.83513617,2016/1/7,大鳥,小白鷺
南投,3,S,254,120.6215677,23.77640917,2016/1/1,貓狗,貓
南投,3,S,224.5,120.6681055,23.95011383,2016/1/6,貓狗,貓
南投,3,N,236.8,120.7022448,23.85411583,2016/1/16,貓狗,狗
南投,3,N,243.7,120.7018993,23.79612867,2016/1/16,貓狗,貓
南投,3,S,266.8,120.590064,23.6799625,2016/1/18,貓狗,貓
南投,3,S,246,120.6986755,23.77869233,2016/1/23,貓狗,貓
南投,6,W,1,120.6805828,24.0213767,2016/1/1,貓狗,狗
南投,6,W,5,120.7156001,24.0063697,2016/1/21,貓狗,貓
關西,3,N,105.2,120.9443927,24.7529205,2016/2/2,中小鳥,無法辨識
關西,3,S,81.3,121.152473,24.80736017,2016/2/2,貓狗,狗
關西,3,S,61.8,121.2687468,24.89958917,2016/2/6,貓狗,狗
關西,3,S,63.5,121.2610948,24.88600533,2016/2/6,貓狗,貓
關西,3,S,87.5,121.1044562,24.77925267,2016/2/6,貓狗,狗
關西,3,N,,,,2016/2/7,貓狗,狗
關西,3,S,46,,,2016/2/7,貓狗,貓
關西,3,S,97.3,121.0207307,24.754384,2016/2/8,貓狗,狗
關西,3,S,92,121.0683413,24.757657,2016/2/8,貓狗,狗
關西,3,N,70,121.2068302,24.85534133,2016/2/9,貓狗,狗
關西,3,S,94.1,121.0492538,24.761798,2016/2/9,貓狗,貓
關西,3,N,57.5,121.3000022,24.92205967,2016/2/9,貓狗,貓
關西,3,S,55,121.3192372,24.93709583,2016/2/10,貓狗,貓
關西,3,R,103,120.9647862,24.75891233,2016/2/10,貓狗,狗
關西,3,S,50.4,121.361538,24.94039383,2016/2/11,貓狗,狗
關西,3,N,51.8,121.3487293,24.93458733,2016/2/12,貓狗,狗
關西,3,N,84.5,121.1264838,24.7921285,2016/2/12,貓狗,狗
關西,3,N,110,120.9056027,24.73171767,2016/2/12,貓狗,狗
關西,3,S,90,121.0831975,24.76908283,2016/2/12,貓狗,狗
關西,3,N,71,121.2008073,24.84835067,2016/2/13,中小鳥,無法辨識
中壢,1,S,60.9,121.2114,24.96613,2016/1/20,貓狗,貓
中壢,1,S,64.2,121.1935368,24.9423215,2016/1/20,貓狗,貓
中壢,1,R,41.1,121.365576,25.06483783,2016/1/8,貓狗,貓
中壢,1,N,44.5,121.3333468,25.06053117,2016/1/8,貓狗,貓
中壢,2,W,0,121.217585,25.06563683,2016/1/14,貓狗,狗
中壢,2,W,16.5,121.3106543,24.97288833,2016/1/18,貓狗,貓
中壢,1,S,45,121.3304732,25.058591,2016/1/19,貓狗,貓
中壢,2,E,13.6,121.2837312,24.9815915,2016/1/20,貓狗,貓
中壢,1,N,,,,2016/1/21,中小鳥,無法辨識
中壢,1,N,95,121.0053482,24.7893955,2016/1/4,貓狗,貓
中壢,1,N,88,121.0188655,24.84884633,2016/1/4,貓狗,狗
中壢,1,S,73.9,121.122885,24.893268,2016/1/9,中小鳥,鴿子
中壢,1,N,71.4,121.1459787,24.89876033,2016/1/28,其他,鴨
內湖,1,N,14.7,121.6139242,25.06560017,2016/1/1,貓狗,狗
內湖,1,N,16.35,,,2016/1/4,貓狗,貓
內湖,1,S,14.1,121.6207977,25.06637083,2016/1/5,貓狗,貓
內湖,1,N,34.1,121.4265752,25.0676515,2016/1/5,其他,無法辨識
內湖,1,N,34.6,121.4221533,25.065463,2016/1/9,貓狗,狗
內湖,1,N,24.6,121.5185833,25.0771185,2016/1/14,貓狗,貓
內湖,1,S,40,121.3772445,25.06608433,2016/1/19,貓狗,狗
關西,3,N,56.1,121.3114952,24.92906683,2016/2/15,貓狗,狗
關西,3,S,93,121.0587043,24.75730783,2016/2/16,貓狗,狗
關西,3,N,99.9,120.9947435,24.75557033,2016/2/16,貓狗,狗
關西,3,N,105,120.946342,24.753,2016/2/18,貓狗,貓
關西,3,N,90.5,121.0797177,24.764781,2016/2/20,貓狗,狗
關西,3,N,95.3,121.0369548,24.76263917,2016/2/20,中小鳥,無法辨識
關西,3,N,63.5,121.2607497,24.88523567,2016/2/21,貓狗,狗
關西,3,S,109,120.914152,24.73752817,2016/2/21,貓狗,狗
關西,1,N,94.4,121.0074405,24.79446683,2016/2/21,貓狗,貓
關西,3,S,97.5,121.0189472,24.75435867,2016/2/21,貓狗,貓
關西,3,S,64.7,121.2518428,24.879377,2016/2/25,貓狗,狗
屏東,10,E,29.1,120.4901677,22.8296795,2016/2/15,其他,無法辨識
屏東,10,W,28.4,120.4878703,22.824548,2016/2/15,中小鳥,白尾八哥或八哥
屏東,10,E,28.9,120.4893227,22.82806933,2016/2/20,中小鳥,白尾八哥或八哥
屏東,3,S,401.3,120.5615958,22.68826583,2016/2/2,中小鳥,斑鳩
屏東,3,N,388.8,120.4721857,22.75791733,2016/2/3,中小鳥,鴿子
屏東,3,N,403.2,120.561009,22.670757,2016/2/8,中小鳥,鴿子
屏東,3,S,414,120.5253488,22.58239183,2016/2/9,中小鳥,白尾八哥或八哥
屏東,3,S,423,120.525089,22.50388117,2016/2/12,中小鳥,斑鳩
屏東,3,N,431,,,2016/2/15,中小鳥,麻雀
屏東,3,S,423,120.525089,22.50388117,2016/2/18,中小鳥,斑鳩
屏東,3,N,401,120.5609362,22.68992783,2016/2/21,中小鳥,麻雀
屏東,3,N,386,120.4469372,22.76712933,2016/2/23,中小鳥,白尾八哥或八哥
屏東,3,S,399,120.5456355,22.70183267,2016/2/29,中小鳥,白尾八哥或八哥
屏東,3,N,385.6,120.4433667,22.76864367,2016/2/1,其他,雞
屏東,3,N,358.6,120.338813,22.97061517,2016/2/1,貓狗,狗
屏東,3,S,366,120.3502758,22.91036783,2016/2/3,貓狗,狗
屏東,3,N,359.7,120.345699,22.96330517,2016/2/8,貓狗,狗
屏東,3,S,400.2,120.555476,22.69616217,2016/2/14,貓狗,狗
屏東,3,N,369.5,,,2016/2/15,貓狗,貓
屏東,10,E,32,120.4950065,22.85444617,2016/2/19,貓狗,狗
屏東,3,N,368,120.3596583,22.893656,2016/2/25,貓狗,貓
屏東,3,N,393.2,120.5062858,22.73785867,2016/2/27,貓狗,貓
屏東,10,E,30.4,120.4957785,22.840188,2016/2/29,貓狗,貓
屏東,10,E,24.3,120.4652413,22.7972145,2016/2/3,中小鳥,鴿子
屏東,3,N,377.2,120.40916,22.8314175,2016/2/3,中小鳥,斑鳩
屏東,3,S,368.1,120.3595083,22.8934535,2016/2/3,中小鳥,斑鳩
屏東,10,E,27.4,120.4863205,22.81482467,2016/2/7,中小鳥,斑鳩
屏東,10,W,28.4,120.4878703,22.824548,2016/2/7,其他,無法辨識
屏東,10,W,23.1,120.4543427,22.797542,2016/2/7,中小鳥,鴿子
屏東,10,E,29.7,120.4932952,22.83429667,2016/2/10,其他,無法辨識
屏東,10,E,30.2,120.4953202,22.838432,2016/2/10,中小鳥,白尾八哥或八哥
屏東,10,W,30.1,120.4950988,22.83823117,2016/2/10,其他,無法辨識
屏東,10,W,27.7,120.4868103,22.8182845,2016/2/10,中小鳥,白尾八哥或八哥
屏東,10,E,23.4,120.4565167,22.79747433,2016/2/15,中小鳥,鴿子
屏東,10,W,29.7,120.493532,22.83493583,2016/2/20,其他,無法辨識
屏東,3,N,377.8,120.4137382,22.82793817,2016/2/24,中小鳥,鴿子
屏東,10,E,27.2,120.4858262,22.813069,2016/2/24,中小鳥,斑鳩
屏東,10,W,28.2,120.487468,22.822772,2016/2/24,中小鳥,斑鳩
屏東,10,E,23.4,120.4565167,22.79747433,2016/2/29,中小鳥,鴿子
關西,3,S,90,121.0831975,24.76908283,2016/3/1,貓狗,狗
關西,3,S,96.9,121.0245758,24.75513233,2016/3/2,貓狗,狗
關西,3,S,89.5,121.086506,24.77240383,2016/3/3,貓狗,狗
關西,3,S,82,121.1455673,24.80652033,2016/3/3,貓狗,狗
關西,3,S,84,121.1293342,24.79668167,2016/3/4,貓狗,狗
關西,3,S,97.6,121.017839,24.7544515,2016/3/5,貓狗,貓
關西,3,S,53.7,121.3315967,24.93937767,2016/3/7,貓狗,貓
關西,3,N,64,121.2573037,24.882053,2016/3/7,中小鳥,無法辨識
關西,3,N,82,121.1448775,24.80612767,2016/3/7,貓狗,狗
關西,3,N,42.3,121.43322,24.9603395,2016/3/7,貓狗,狗
關西,3,N,102,120.9745922,24.7575235,2016/3/11,貓狗,狗
關西,3,S,100.5,120.9899308,24.75671583,2016/3/13,貓狗,狗
關西,3,S,47,121.3914542,24.95177233,2016/3/13,貓狗,貓
關西,3,S,87,121.109435,24.77940367,2016/3/13,貓狗,狗
關西,3,S,85,121.1245853,24.7888375,2016/3/13,貓狗,貓
關西,3,R,100,120.9937582,24.75562933,2016/3/17,果子狸,鼬獾
屏東,3,N,375,120.3902322,22.84056283,2016/3/3,貓狗,貓
屏東,3,S,361,120.352558,22.954442,2016/3/5,貓狗,狗
屏東,3,N,359,120.3420047,22.96855733,2016/3/5,貓狗,貓
屏東,10,W,27.5,120.4865308,22.81651017,2016/3/6,貓狗,狗
屏東,10,W,27,120.4853213,22.81210033,2016/3/6,貓狗,貓
屏東,10,E,25,120.4718142,22.79878983,2016/3/6,貓狗,狗
屏東,3,S,391,120.4919353,22.753285,2016/3/8,貓狗,狗
屏東,3,S,412,120.5271535,22.6001745,2016/3/15,貓狗,狗
屏東,3,S,411,120.5299592,22.60882883,2016/3/18,貓狗,貓
屏東,3,N,360.4,120.3494565,22.95809517,2016/3/19,貓狗,狗
屏東,10,E,33.2,120.4917027,22.86442133,2016/3/25,貓狗,貓
屏東,3,S,364.9,120.3495012,22.92019317,2016/3/28,貓狗,貓
屏東,3,N,411.5,120.5284445,22.6037155,2016/3/28,貓狗,貓
屏東,3,S,424.5,120.529666,22.49102333,2016/3/16,貓狗,狗
屏東,3,N,424.5,120.5300837,22.490195,2016/3/28,其他,無法辨識
屏東,3,N,405,120.5515103,22.657213,2016/3/2,中小鳥,鴿子
屏東,3,N,390.2,120.4857287,22.756001,2016/3/6,中小鳥,麻雀
屏東,3,S,419,120.5186495,22.539173,2016/3/15,中小鳥,斑鳩
屏東,3,S,420,120.519914,22.5301915,2016/3/22,中小鳥,白尾八哥或八哥
屏東,3,N,422,120.5248992,22.51213283,2016/3/30,中小鳥,斑鳩
屏東,10,E,23.7,120.4594163,22.79723417,2016/3/4,中小鳥,鴿子
屏東,10,E,29.2,120.4906472,22.8304665,2016/3/4,中小鳥,斑鳩
屏東,10,W,27.9,120.487066,22.82010717,2016/3/4,中小鳥,白尾八哥或八哥
屏東,3,N,376.9,120.4067185,22.83291483,2016/3/9,中小鳥,斑鳩
屏東,10,E,27.6,120.4866933,22.8166355,2016/3/9,其他,無法辨識
屏東,10,W,28.6,120.4884187,22.8262685,2016/3/9,中小鳥,白尾八哥或八哥
屏東,10,E,28.6,120.4883103,22.82551567,2016/3/13,其他,無法辨識
屏東,10,W,30.2,120.4953675,22.8390995,2016/3/13,中小鳥,斑鳩
屏東,10,E,24.3,120.4652413,22.7972145,2016/3/19,中小鳥,鴿子
屏東,3,N,376.5,120.4033022,22.83465033,2016/3/19,中小鳥,斑鳩
屏東,10,E,28.4,120.4878267,22.823773,2016/3/19,中小鳥,白尾八哥或八哥
屏東,10,W,29.7,120.493532,22.83493583,2016/3/19,中小鳥,斑鳩
屏東,10,E,26.5,120.4829337,22.807353,2016/3/23,中小鳥,斑鳩
屏東,10,E,29.7,120.4932952,22.83429667,2016/3/23,中小鳥,白尾八哥或八哥
屏東,10,W,30.1,120.4950988,22.83823117,2016/3/23,其他,無法辨識
屏東,10,W,27.7,120.4868103,22.8182845,2016/3/23,中小鳥,斑鳩
屏東,3,N,365.4,120.349484,22.91497167,2016/3/27,中小鳥,鳳頭蒼鷹
屏東,10,E,24.1,120.4633098,22.79708083,2016/3/27,中小鳥,鴿子
屏東,10,E,28.3,120.4876398,22.82289333,2016/3/27,中小鳥,斑鳩
屏東,3,S,418,120.5201502,22.54806483,2016/3/27,中小鳥,鴿子
屏東,10,W,27.7,120.4868103,22.8182845,2016/3/27,其他,無法辨識
屏東,3,N,423,120.5253738,22.50312867,2016/3/7,大鳥,小白鷺或黃頭鷺
屏東,3,N,419,120.5187858,22.53841317,2016/3/3,中小鳥,麻雀
屏東,3,N,405.2,120.5502222,22.65582867,2016/3/7,中小鳥,白尾八哥或八哥
屏東,3,N,390.3,120.486649,22.75573617,2016/3/7,中小鳥,鴿子
屏東,3,N,389.2,120.4760197,22.757441,2016/3/7,中小鳥,斑鳩
屏東,3,S,403.2,120.5611665,22.6714815,2016/3/7,中小鳥,白尾八哥或八哥
屏東,3,S,416,120.5276362,22.56472567,2016/3/7,中小鳥,鴿子
屏東,3,S,425,120.5308785,22.48666833,2016/3/7,中小鳥,斑鳩
屏東,3,S,428,120.5240522,22.46110767,2016/3/7,中小鳥,鴿子
屏東,3,N,383.2,120.4268217,22.78252167,2016/3/8,中小鳥,斑鳩
屏東,3,N,382.4,120.4258873,22.78962567,2016/3/8,中小鳥,鴿子
屏東,3,N,377.6,120.4122577,22.82917017,2016/3/8,中小鳥,斑鳩
屏東,3,N,368.5,120.3607577,22.88923783,2016/3/8,中小鳥,斑鳩
屏東,3,N,360.1,120.3475495,22.96013333,2016/3/8,大鳥,鳳頭蒼鷹
屏東,3,N,359.8,120.3460865,22.9624875,2016/3/8,大鳥,小白鷺或黃頭鷺
屏東,3,S,367.7,120.3579943,22.89678283,2016/3/9,中小鳥,斑鳩
屏東,3,S,375.4,120.392687,22.838921,2016/3/9,中小鳥,斑鳩
屏東,3,S,382.8,120.4257507,22.78675233,2016/3/9,大鳥,小白鷺或黃頭鷺
屏東,3,S,403.2,120.5611665,22.6714815,2016/3/10,中小鳥,白尾八哥或八哥
屏東,3,S,416,120.5276362,22.56472567,2016/3/10,中小鳥,鴿子
屏東,3,S,425,120.5308785,22.48666833,2016/3/10,中小鳥,斑鳩
新營,1,S,253,120.4316988,23.58863367,2015/12/31,貓狗,狗
新營,1,S,291.2,120.2773647,23.285543,2015/12/1,中小鳥,無法辨識
新營,1,S,256.6,120.4177218,23.55897683,2015/12/2,中小鳥,無法辨識
新營,1,N,253.4,120.4301435,23.584412,2015/12/4,中小鳥,無法辨識
新營,1,S,267.5,120.3775698,23.4692445,2015/12/7,貓狗,貓
新營,1,N,275.2,120.3551233,23.4035165,2015/12/9,中小鳥,無法辨識
新營,1,N,252.1,120.4341225,23.595639,2015/12/10,中小鳥,無法辨識
新營,1,S,273.2,120.3559045,23.4222775,2015/12/11,中小鳥,無法辨識
新營,1,N,282.7,120.3229053,23.347854,2015/12/15,中小鳥,無法辨識
新營,1,S,278.3,120.3522815,23.376685,2015/12/17,中小鳥,無法辨識
新營,1,N,253.6,120.4293782,23.58279567,2015/12/18,中小鳥,無法辨識
新營,1,S,263.1,120.3987038,23.502966,2015/12/21,中小鳥,無法辨識
新營,1,N,291.1,120.2776382,23.28557567,2015/12/24,中小鳥,無法辨識
新營,1,N,275.4,120.3552147,23.40172,2015/12/25,中小鳥,無法辨識
新營,1,S,263.3,120.3975815,23.501552,2015/12/26,貓狗,貓
新營,1,S,285.4,120.3046753,23.33151317,2015/12/28,中小鳥,無法辨識
大甲,3,N,151.5,120.6814033,24.44115483,2015/12/1,中小鳥,鴿子
大甲,3,N,144,120.70618,24.4992065,2015/12/2,中小鳥,白尾八哥或八哥
大甲,3,S,127.6,120.80636,24.6120935,2015/12/3,中小鳥,斑鳩
大甲,3,N,119.9,120.8467077,24.668207,2015/12/4,中小鳥,斑鳩
大甲,3,N,152.5,120.6833567,24.43229133,2015/12/7,中小鳥,白頭翁
大甲,3,N,157,120.6690178,24.394353,2015/12/8,中小鳥,白尾八哥或八哥
大甲,3,N,119.8,120.8469312,24.66907967,2015/12/9,中小鳥,白尾八哥或八哥
大甲,3,S,138,120.7421338,24.54269983,2015/12/10,中小鳥,鴿子
大甲,3,N,136.2,120.7518698,24.55529617,2015/12/11,中小鳥,麻雀
大甲,3,N,127.2,120.8087165,24.61394533,2015/12/14,中小鳥,鴿子
大甲,3,S,119.6,120.8471785,24.67165633,2015/12/15,中小鳥,白尾八哥或八哥
大甲,3,N,119,120.8473985,24.67632033,2015/12/16,中小鳥,白頭翁
大甲,3,S,119.1,120.8471913,24.67613967,2015/12/17,中小鳥,斑鳩
大甲,3,N,152.3,120.6832142,24.43408033,2015/12/18,中小鳥,白頭翁
大甲,3,N,130,120.7869047,24.59896667,2015/12/21,中小鳥,白頭翁
大甲,3,N,127.2,120.8087165,24.61394533,2015/12/22,中小鳥,斑鳩
大甲,3,S,113.5,120.8842975,24.70855883,2015/12/23,中小鳥,白頭翁
大甲,3,N,127.4,120.8073183,24.61261317,2015/12/24,中小鳥,麻雀
大甲,3,S,167,120.6225133,24.323169,2015/12/1,中小鳥,麻雀
大甲,3,S,178,120.5930985,24.234138,2015/12/3,中小鳥,領角鴞
大甲,3,N,186,120.5484815,24.17801083,2015/12/4,中小鳥,麻雀
大甲,3,S,185,120.5534298,24.1866605,2015/12/7,中小鳥,麻雀
大甲,3,S,181,120.5820813,24.2090285,2015/12/8,中小鳥,白頭翁
大甲,3,S,164,120.6459457,24.33814317,2015/12/14,大鳥,鳳頭蒼鷹
大甲,3,S,196,120.5478908,24.10977283,2015/12/22,中小鳥,鴿子
大甲,3,S,162,120.6590107,24.3509545,2015/12/23,中小鳥,白頭翁
內湖,1,S,34.4,121.424631,25.06723717,2015/12/9,貓狗,貓
內湖,1,N,27.3,121.4921287,25.075128,2015/12/15,貓狗,狗
內湖,1,S,18.6,121.5775058,25.06987017,2015/12/15,貓狗,貓
內湖,1,N,12,121.6393288,25.071343,2015/12/19,貓狗,狗
內湖,1,S,48.5,121.3023903,25.040613,2015/12/19,貓狗,貓
內湖,1,N,12.1,121.6384702,25.07090017,2015/12/22,貓狗,貓
內湖,1,S,9,121.6674103,25.081118,2015/12/27,貓狗,狗
內湖,1,N,17.4,121.5876517,25.06583733,2015/12/29,貓狗,貓
內湖,1,S,20.6,121.5580457,25.072562,2015/12/29,貓狗,貓
內湖,1,N,15.9,121.6023367,25.06412917,2015/12/31,貓狗,貓
斗南,1,N,192.7,120.554614,24.09949683,2015/12/1,中小鳥,斑鳩
斗南,1,S,201.1,120.5228337,24.04127833,2015/12/4,中小鳥,鴿子
斗南,1,N,182.5,120.6185828,24.1427075,2015/12/7,中小鳥,斑鳩
斗南,1,S,179.9,120.6232402,24.16634783,2015/12/21,中小鳥,鴿子
斗南,1,S,176.3,120.641068,24.19429933,2015/12/25,中小鳥,斑鳩
斗南,1,R,178.6,120.6307937,24.17475633,2015/12/28,大鳥,夜鷺
斗南,1,R,211,120.5064565,23.952926,2015/12/4,其他,無法辨識
斗南,1,R,211,120.5064565,23.952926,2015/12/8,其他,無法辨識
斗南,1,R,230.5,120.4751265,23.78091783,2015/12/2,中小鳥,鴿子
斗南,1,R,230.5,120.4751265,23.78091783,2015/12/22,中小鳥,鴿子
斗南,1,R,235.7,120.4705692,23.7354345,2015/12/7,中小鳥,斑鳩
斗南,1,R,235.7,120.4705692,23.7354345,2015/12/15,其他,無法辨識
斗南,1,R,240.6,120.4713642,23.6925235,2015/12/1,貓狗,貓
斗南,1,R,240.6,120.4713642,23.6925235,2015/12/4,中小鳥,鴿子
斗南,1,R,240.6,120.4713642,23.6925235,2015/12/8,貓狗,狗
斗南,1,R,240.6,120.4713642,23.6925235,2015/12/14,中小鳥,大卷尾
斗南,1,R,240.6,120.4713642,23.6925235,2015/12/18,貓狗,貓
斗南,1,R,240.6,120.4713642,23.6925235,2015/12/21,中小鳥,鴿子
斗南,1,R,240.6,120.4713642,23.6925235,2015/12/28,貓狗,狗
斗南,1,R,240.6,120.4713642,23.6925235,2015/12/31,中小鳥,大卷尾
斗南,1,R,243.8,120.4560632,23.66732083,2015/12/7,中小鳥,鴿子
斗南,1,R,243.8,120.4560632,23.66732083,2015/12/14,中小鳥,鴿子
斗南,1,R,243.8,120.4560632,23.66732083,2015/12/22,中小鳥,鴿子
斗南,1,R,250.3,120.4371343,23.61157867,2015/12/4,其他,無法辨識
斗南,1,R,250.3,120.4371343,23.61157867,2015/12/8,其他,無法辨識
斗南,1,R,250.3,120.4371343,23.61157867,2015/12/16,其他,無法辨識
大甲,3,N,175.5,120.5889532,24.25502333,2015/12/7,貓狗,狗
大甲,3,S,185.1,120.552797,24.1859705,2015/12/18,貓狗,狗
大甲,3,S,158.6,120.6661032,24.38104167,2016/1/1,貓狗,狗
白河,3,S,275.1,120.556411,23.61665367,2015/12/1,中小鳥,無法辨識
白河,3,S,275.8,120.5505945,23.61326533,2015/12/1,中小鳥,無法辨識
白河,3,S,323.2,120.3765428,23.26685983,2015/12/1,中小鳥,斑鳩
白河,3,S,346,120.3274843,23.0721135,2015/12/1,中小鳥,台灣夜鷹
白河,3,N,306.6,120.430009,23.39171117,2015/12/1,中小鳥,麻雀
白河,3,N,283,120.5052025,23.5673945,2015/12/1,中小鳥,白頭翁
白河,3,N,310.9,120.4386985,23.35399583,2015/12/3,中小鳥,白頭翁
白河,3,N,325.6,120.3692042,23.2465565,2015/12/3,大鳥,大冠鷲
白河,3,S,326,120.3669268,23.24468967,2015/12/4,中小鳥,斑鳩
白河,3,N,309.1,120.4339398,23.36963317,2015/12/4,中小鳥,斑鳩
白河,3,S,290.3,120.4874308,23.50912,2015/12/4,中小鳥,鴿子
白河,3,N,299.1,120.4780815,23.43758117,2015/12/4,貓狗,貓
白河,3,S,302.6,120.4568387,23.41424483,2015/12/5,貓狗,貓
白河,3,S,319,120.4025378,23.29539367,2015/12/6,中小鳥,領角鴞
白河,3,S,275.3,120.5548557,23.61558717,2015/12/6,大鳥,鳳頭蒼鷹
白河,3,N,308.6,120.4326033,23.37396833,2015/12/7,中小鳥,白腹鶇
白河,3,N,278.2,120.5287537,23.60393817,2015/12/7,中小鳥,鴿子
白河,3,N,283,120.5052025,23.5673945,2015/12/7,中小鳥,白頭翁
白河,3,S,304.3,120.44109,23.40950417,2015/12/7,中小鳥,麻雀
白河,3,S,323,120.3771945,23.2685645,2015/12/7,中小鳥,斑鳩
白河,3,S,299,120.4790105,23.43909883,2015/12/7,貓狗,狗
白河,3,N,313.5,120.433255,23.33173433,2015/12/7,貓狗,貓
白河,3,S,300.9,120.4663563,23.4266065,2015/12/8,貓狗,狗
白河,3,S,301.7,120.4627197,23.42023533,2015/12/8,貓狗,狗
白河,3,S,309,120.433265,23.37116267,2015/12/8,貓狗,狗
白河,3,N,302,120.4607898,23.41729617,2015/12/8,中小鳥,無法辨識
白河,3,S,303.3,120.4506205,23.4117405,2015/12/8,貓狗,狗
白河,3,N,290,120.4867452,23.51093567,2015/12/8,中小鳥,綠繡眼
白河,3,S,304.7,120.43778,23.4076075,2015/12/8,中小鳥,鴿子
白河,3,S,333,120.3549653,23.18346417,2015/12/8,中小鳥,紅鳩
白河,3,N,326.1,120.365947,23.2432135,2015/12/8,中小鳥,紅鳩
白河,3,N,352,120.3248145,23.01966,2015/12/8,中小鳥,夜鷺
白河,3,N,276,120.5482328,23.61202183,2015/12/9,中小鳥,斑鳩
白河,3,S,306,120.431112,23.39775833,2015/12/9,中小鳥,麻雀
白河,3,S,312.8,120.436333,23.33812933,2015/12/9,貓狗,貓
白河,3,N,292.5,120.4953067,23.49007717,2015/12/10,中小鳥,綠繡眼
白河,3,N,281.7,120.5088793,23.57855317,2015/12/10,其他,大頭蛇
白河,3,N,271.3,120.5729942,23.64526317,2015/12/10,貓狗,狗
白河,3,S,287.8,120.4877603,23.5308145,2015/12/11,貓狗,狗
白河,3,N,320,120.3967853,23.287124,2015/12/11,其他,豬
白河,3,N,304.4,120.4396487,23.40857267,2015/12/11,其他,雞
白河,3,S,292,120.493948,23.49522083,2015/12/11,中小鳥,白頭翁
白河,3,N,280,120.5194897,23.59014633,2015/12/12,中小鳥,綠繡眼
白河,3,S,287.4,120.4898973,23.53387983,2015/12/12,中小鳥,斑鳩
白河,3,N,295,120.4993442,23.4685225,2015/12/12,貓狗,狗
白河,3,N,329,120.3578115,23.21853383,2015/12/13,中小鳥,斑鳩
白河,3,S,303.2,120.4515688,23.41196967,2015/12/13,其他,雨傘節
白河,3,N,278,120.5301873,23.60515917,2015/12/14,中小鳥,綠繡眼
白河,3,S,287.8,120.4877603,23.5308145,2015/12/14,中小鳥,白頭翁
白河,3,N,272.6,120.5704447,23.63382533,2015/12/15,中小鳥,鴿子
白河,3,S,281.4,120.5107317,23.58151683,2015/12/15,中小鳥,斑鳩
白河,3,S,304.5,120.4393762,23.408645,2015/12/15,中小鳥,領角鴞
白河,3,N,279.9,120.5200782,23.59087133,2015/12/15,貓狗,狗
白河,3,N,299.1,120.4780815,23.43758117,2015/12/16,中小鳥,麻雀
白河,3,S,294.7,120.5000312,23.47191717,2015/12/16,中小鳥,白頭翁
白河,3,N,300,120.4717895,23.4318005,2015/12/17,中小鳥,斑鳩
白河,3,S,295.1,120.4990873,23.46844,2015/12/17,其他,無法辨識
白河,3,S,334,120.3542748,23.1744435,2015/12/17,中小鳥,紅鳩
白河,3,S,336.2,120.3461535,23.156329,2015/12/17,中小鳥,斑鳩
白河,3,S,334,120.3542748,23.1744435,2015/12/18,中小鳥,紅鳩
白河,3,N,309,120.433675,23.37049433,2015/12/18,中小鳥,白頭翁
白河,3,S,292.7,120.495356,23.48901517,2015/12/18,中小鳥,綠繡眼
白河,3,N,312,120.4390835,23.3440415,2015/12/19,貓狗,貓
白河,3,S,299,120.4790105,23.43909883,2015/12/19,貓狗,貓
白河,3,N,313.5,120.433255,23.33173433,2015/12/19,貓狗,狗
白河,3,N,273,120.5689197,23.63050817,2015/12/20,其他,無法辨識
白河,3,S,347,120.3235675,23.06389083,2015/12/20,中小鳥,紅鳩
白河,3,S,352.9,120.3209937,23.0131735,2015/12/20,大鳥,小白鷺或黃頭鷺
白河,3,S,284.2,120.5049062,23.55728133,2015/12/20,中小鳥,麻雀
白河,3,S,305,120.4356157,23.40572717,2015/7/2,中小鳥,大卷尾
白河,3,S,316.1,120.4253915,23.31026,2015/7/2,大鳥,樹鵲
白河,3,N,325,120.373347,23.2503915,2015/7/2,中小鳥,無法辨識
白河,3,S,318.9,120.4032185,23.29602767,2015/7/3,中小鳥,斑鳩
白河,3,S,311.2,120.438943,23.35201917,2015/7/3,中小鳥,白頭翁
白河,3,N,324,120.3762573,23.258922,2015/7/4,中小鳥,無法辨識
白河,3,N,303.6,120.4469712,23.41089217,2015/7/4,中小鳥,白頭翁
白河,3,S,279.2,120.523718,23.59724817,2015/7/5,中小鳥,斑鳩
白河,3,N,320.3,120.3953053,23.28479567,2015/7/5,中小鳥,翠翼鳩
白河,3,S,331.1,120.3553058,23.20060183,2015/7/6,中小鳥,紅鳩
白河,3,N,304.6,120.4380767,23.40758133,2015/7/6,中小鳥,白頭翁
白河,3,N,296,120.4941505,23.46090833,2015/7/6,貓狗,貓
白河,3,S,326,120.3669268,23.24468967,2015/7/7,中小鳥,無法辨識
白河,3,S,300,120.4723333,23.43248583,2015/7/7,中小鳥,鴿子
白河,3,S,333.7,120.3546588,23.17712017,2015/7/7,其他,虎皮蛙
白河,3,N,311.8,120.4394375,23.3458665,2015/7/8,中小鳥,斑鳩
白河,3,S,328.6,120.35957,23.22251783,2015/7/8,中小鳥,無法辨識
白河,3,N,345,120.3293102,23.08030833,2015/7/9,貓狗,貓
白河,3,S,325,120.3736612,23.25112683,2015/7/9,中小鳥,無法辨識
白河,3,N,307.4,120.4300197,23.3845155,2015/7/9,中小鳥,洋燕
白河,3,S,341.4,120.3277095,23.11350283,2015/7/9,中小鳥,大卷尾
白河,3,S,344,120.3286397,23.09003767,2015/7/9,中小鳥,赤腰燕
白河,3,N,322,120.3830453,23.27465933,2015/7/10,其他,無法辨識
白河,3,S,334.5,,,2015/7/10,中小鳥,斑鳩
白河,3,S,279.3,120.5233018,23.59648517,2015/7/10,中小鳥,白頭翁
白河,3,N,300.4,120.4689722,23.42937967,2015/7/11,中小鳥,大卷尾
白河,3,N,303.1,120.451773,23.41182667,2015/7/12,中小鳥,白頭翁
白河,3,S,296.4,120.491829,23.45905383,2015/7/13,貓狗,狗
白河,3,N,312.2,120.4385473,23.34231533,2015/7/13,中小鳥,大卷尾
白河,3,N,356.3,120.3215983,22.982051,2015/7/13,中小鳥,白尾八哥
白河,3,S,318.7,120.4047103,23.29726867,2015/7/14,中小鳥,紅鳩
白河,3,S,331,120.3553252,23.201511,2015/7/14,中小鳥,白頭翁
白河,3,S,331.6,120.3552188,23.1960495,2015/7/14,中小鳥,麻雀
白河,3,N,310.2,120.4368763,23.36012333,2015/7/14,中小鳥,綠繡眼
白河,3,S,284.8,120.5048557,23.55184333,2015/7/15,中小鳥,白頭翁
白河,3,S,334,120.3542748,23.1744435,2015/7/15,中小鳥,黑枕藍鶲
白河,3,S,345.9,120.3278152,23.072965,2015/7/15,中小鳥,白尾八哥
白河,3,N,344,120.328887,23.08927833,2015/7/15,中小鳥,白頭翁
白河,3,S,333.1,120.354943,23.18256817,2015/7/15,中小鳥,鴿子
白河,3,S,333.9,120.3544282,23.17533683,2015/7/16,中小鳥,紅鳩
白河,3,S,336.3,120.3455677,23.15560367,2015/7/16,中小鳥,白尾八哥
白河,3,N,300.1,120.4710585,23.43121083,2015/7/16,其他,高頭蝠
白河,3,N,299.6,120.4747523,23.43421933,2015/7/16,貓狗,貓
白河,3,N,324.6,120.3752483,23.253578,2015/7/17,中小鳥,無法辨識
白河,3,N,309,120.433675,23.37049433,2015/7/17,中小鳥,麻雀
白河,3,N,297.3,120.4856937,23.45204617,2015/7/17,中小鳥,紅嘴黑鵯
白河,3,N,306.5,120.4301242,23.3926095,2015/7/19,中小鳥,白頭翁
白河,3,N,317.5,120.4142427,23.30208367,2015/7/20,貓狗,貓
白河,3,N,270,120.5723395,23.6569615,2015/7/20,中小鳥,麻雀
白河,3,N,342.9,120.3282752,23.09908583,2015/7/20,大鳥,樹鵲
白河,3,S,324.3,120.3759497,23.25695583,2015/7/21,中小鳥,白頭翁
白河,3,S,325,120.3736612,23.25112683,2015/7/21,中小鳥,綠繡眼
白河,3,N,339.2,120.333756,23.131692,2015/7/21,中小鳥,五色鳥
白河,3,N,322.3,120.380754,23.27296467,2015/7/21,中小鳥,斑鳩
白河,3,N,312.2,120.4385473,23.34231533,2015/7/21,中小鳥,綠繡眼
白河,3,N,307.7,120.4304518,23.38183033,2015/7/21,中小鳥,白頭翁
白河,3,N,308.5,120.4323347,23.37483483,2015/7/22,其他,無法辨識
白河,3,S,329,120.3579272,23.21924883,2015/7/22,中小鳥,白頭翁
白河,3,S,340.2,120.3315327,23.12372817,2015/7/22,中小鳥,斑鳩
白河,3,N,299.7,120.4740363,23.43361133,2015/7/22,貓狗,貓
白河,3,N,304.9,120.4359463,23.405772,2015/7/23,貓狗,貓
白河,3,N,309.7,120.4355382,23.36446067,2015/7/23,中小鳥,無法辨識
白河,3,N,340.9,120.328839,23.11714717,2015/7/23,貓狗,貓
白河,3,S,320.9,120.3922037,23.28125617,2015/7/23,中小鳥,綠繡眼
白河,3,S,324.3,120.3759497,23.25695583,2015/7/23,中小鳥,麻雀
白河,3,S,289.1,120.4846035,23.51953517,2015/7/23,中小鳥,白頭翁
白河,3,N,289.8,120.4860643,23.51262433,2015/7/24,中小鳥,麻雀
白河,3,S,332.1,120.3551267,23.19153133,2015/7/24,中小鳥,紅鳩
白河,3,S,337.2,120.3399128,23.14910883,2015/7/24,中小鳥,白尾八哥
白河,3,S,317.6,120.4140503,23.302199,2015/7/24,貓狗,貓
白河,3,S,325,120.3736612,23.25112683,2015/7/24,貓狗,貓狗
白河,3,S,300.2,120.4708672,23.4313055,2015/7/25,中小鳥,白頭翁
白河,3,N,275.6,120.5517392,23.61363183,2015/7/26,中小鳥,麻雀
白河,3,S,316,120.4259148,23.31103417,2015/7/26,中小鳥,白頭翁
白河,3,N,317.3,120.416012,23.30284017,2015/7/26,中小鳥,綠繡眼
白河,3,N,321.7,120.3855387,23.27615767,2015/7/26,中小鳥,白尾八哥
白河,3,N,275.6,120.5517392,23.61363183,2015/7/26,中小鳥,麻雀
白河,3,S,303,120.4534127,23.41255917,2015/7/26,貓狗,貓
白河,3,N,284.1,120.5051155,23.55747583,2015/7/27,貓狗,狗
白河,3,N,311.6,120.4395698,23.3476635,2015/7/27,中小鳥,麻雀
白河,3,S,290.3,120.4874308,23.50912,2015/7/28,中小鳥,麻雀
白河,3,S,338.1,120.3357983,23.142838,2015/7/28,中小鳥,斑鳩
白河,3,S,346,120.3274843,23.0721135,2015/7/28,中小鳥,斑鳩
白河,3,N,352.8,120.3212555,23.01323483,2015/7/28,中小鳥,白頭翁
白河,3,S,331.1,120.3553058,23.20060183,2015/7/29,中小鳥,紅鳩
白河,3,S,272.6,120.570563,23.6346965,2015/7/29,中小鳥,綠繡眼
白河,3,N,309.4,120.4347492,23.36702283,2015/7/29,中小鳥,無法辨識
白河,3,S,325.4,120.3711138,23.24839983,2015/7/30,中小鳥,白頭翁
白河,3,S,334.6,120.352974,23.16920817,2015/7/30,中小鳥,赤腰燕
白河,3,N,355,120.3199973,22.99363333,2015/7/30,貓狗,狗
白河,3,N,333.3,120.3550633,23.17999667,2015/7/31,大鳥,番鵑
白河,3,N,325.8,120.3678003,23.24530083,2015/7/31,中小鳥,竹雞
白河,3,N,305.5,120.432741,23.40128033,2015/7/31,中小鳥,白頭翁
白河,3,S,308.9,120.4329968,23.37202917,2015/7/31,中小鳥,綠繡眼
中壢,2,E,5,121.2386038,25.03455867,2015/7/5,貓狗,狗
中壢,2,E,5,121.2386038,25.03455867,2015/7/5,貓狗,貓
中壢,2,E,0.3,121.2155683,25.06423983,2015/7/10,貓狗,貓
中壢,2,W,14.3,121.2894135,24.97710217,2015/7/12,中小鳥,鴿子
中壢,1,S,63,121.1968263,24.952723,2015/7/18,貓狗,狗
中壢,2,E,6.2,121.24922,25.02931017,2015/7/21,貓狗,貓
中壢,2,E,8.7,121.2709995,25.02225267,2015/7/23,大鳥,小白鷺或黃頭鷺
中壢,1,N,67.6,121.1691535,24.92167933,2015/7/27,貓狗,貓
新營,1,N,256,120.4195847,23.56327983,2015/7/4,貓狗,貓
新營,8,E,2,,,2015/7/5,貓狗,貓
新營,8,E,15.5,120.3311278,23.06181067,2015/7/5,貓狗,貓
新營,8,W,10.9,120.2893252,23.059011,2015/7/10,貓狗,狗
新營,1,N,264.2,120.3916555,23.49490533,2015/7/18,貓狗,狗
新營,8,E,5.2,120.2395947,23.080025,2015/7/20,貓狗,狗
新營,1,N,312,120.246447,23.10976817,2015/7/21,貓狗,狗
新營,8,E,11,120.2894917,23.0588415,2015/7/23,貓狗,狗
新營,1,N,316.8,120.2532848,23.06679883,2015/7/24,其他,雞
新營,1,S,316.2,120.252684,23.0730965,2015/7/29,貓狗,狗
新營,1,S,264,120.393232,23.49685833,2015/7/30,貓狗,狗
新營,1,N,259.2,120.4091952,23.53598933,2015/7/31,貓狗,狗
新營,1,S,296.1,120.2530598,23.248112,2015/7/1,中小鳥,鴿子
新營,1,S,294.8,120.2584707,23.25856683,2015/7/2,中小鳥,斑鳩
新營,1,N,318.7,120.2529507,23.04975933,2015/7/3,中小鳥,斑鳩
新營,1,S,300.4,120.2373687,23.21220683,2015/7/4,中小鳥,麻雀
新營,1,S,297.1,120.2486962,23.24005967,2015/7/5,中小鳥,斑鳩
新營,1,S,312.5,120.2472777,23.10610567,2015/7/6,中小鳥,斑鳩
新營,1,N,313.6,120.2498572,23.09559333,2015/7/7,中小鳥,斑鳩
新營,1,S,295.7,120.2547862,23.25128217,2015/7/8,中小鳥,鴿子
新營,1,N,305.4,120.2322517,23.16661117,2015/7/9,中小鳥,斑鳩
新營,1,N,302.2,120.2365217,23.19516833,2015/7/10,中小鳥,麻雀
新營,1,N,298.5,120.242415,23.22776867,2015/7/11,中小鳥,斑鳩
新營,1,S,302.3,120.236305,23.19509517,2015/7/12,中小鳥,斑鳩
新營,1,S,297.1,120.2486962,23.24005967,2015/7/13,中小鳥,鴿子
新營,1,N,301.3,120.2366672,23.20329133,2015/7/14,中小鳥,斑鳩
新營,1,N,296.8,120.2496737,23.241472,2015/7/15,中小鳥,斑鳩
新營,1,S,316.8,120.253024,23.0677855,2015/7/16,其他,無法辨識
白河,3,N,290,120.4867452,23.51093567,2009/6/24,中小鳥,麻雀
白河,3,N,298.9,120.479221,23.4390535,2009/6/24,中小鳥,燕子
白河,3,N,299.2,120.477469,23.4368685,2009/6/24,中小鳥,斑鳩
白河,3,S,309.8,120.4353965,23.36423917,2009/6/25,中小鳥,麻雀
白河,3,N,289.7,120.4857742,23.51348283,2009/6/25,中小鳥,白尾八哥或八哥
白河,3,S,299.6,120.4752372,23.43490567,2009/6/26,中小鳥,斑鳩
白河,3,S,290.6,120.4889203,23.50674183,2009/6/26,中小鳥,麻雀
白河,3,S,284.9,120.5047468,23.55095983,2009/6/26,其他,無法辨識
白河,3,S,278.4,120.5278277,23.60329333,2009/6/26,中小鳥,白頭翁
白河,3,S,276,120.5488495,23.6124765,2009/6/26,中小鳥,白頭翁
白河,3,N,272.3,120.5713655,23.6363925,2009/6/26,中小鳥,白尾八哥或八哥
白河,3,N,286.4,120.4965077,23.53947067,2009/6/26,果子狸,果子狸
白河,3,S,299.6,120.4752372,23.43490567,2009/6/27,中小鳥,白頭翁
白河,3,S,291.8,120.4936608,23.49699,2009/6/27,中小鳥,白尾八哥或八哥
白河,3,S,283.4,120.5048797,23.564546,2009/6/27,中小鳥,斑鳩
白河,3,N,273.1,120.5684893,23.62969,2009/6/28,中小鳥,翠翼鳩
白河,3,N,275.6,120.5517392,23.61363183,2009/6/28,中小鳥,台灣夜鷹
白河,3,N,314.7,120.4297102,23.32143933,2009/6/28,中小鳥,燕子
白河,3,S,302.2,120.4598622,23.416609,2009/6/29,其他,赤腹松鼠
白河,3,S,283.1,120.5049825,23.56723967,2009/6/29,中小鳥,五色鳥
白河,3,S,272.1,120.57186,23.63894767,2009/6/29,中小鳥,台灣夜鷹或猛禽
白河,3,N,272.1,120.5718707,23.63814767,2009/6/29,中小鳥,燕子
白河,3,N,286.2,120.4981025,23.54054517,2009/6/29,其他,鼬獾
白河,3,N,286.4,120.4965077,23.53947067,2009/6/29,其他,雨傘節
白河,3,N,310.1,120.4366088,23.36099417,2009/6/29,其他,臭青公
白河,3,S,311.9,120.4392275,23.34584033,2009/6/30,中小鳥,麻雀
白河,3,S,299.6,120.4752372,23.43490567,2009/6/30,中小鳥,白頭翁
白河,3,S,297.3,120.4860748,23.45302533,2009/6/30,中小鳥,白尾八哥或八哥
白河,3,S,270.3,120.5722397,23.655114,2009/6/30,中小鳥,白頭翁
白河,3,N,270.8,120.5729647,23.64978383,2009/6/30,中小鳥,白頭翁
白河,3,N,278.6,120.5263442,23.60115967,2009/6/30,中小鳥,白頭翁
白河,3,N,285.8,120.5009815,23.54297083,2009/6/30,中小鳥,五色鳥
白河,3,N,289.5,,,2009/6/30,中小鳥,綠繡眼
白河,3,N,294.8,120.499908,23.47025233,2009/6/30,其他,臭青公
白河,3,N,299.2,120.477469,23.4368685,2009/6/30,中小鳥,領角鴞
白河,3,N,302.7,120.4554223,23.413231,2009/6/30,中小鳥,麻雀
白河,3,N,305.1,120.4347068,23.40438933,2009/6/30,中小鳥,燕子
白河,3,N,307.6,120.4302818,23.38272,2009/6/30,中小鳥,白頭翁
白河,3,N,309.3,120.4344823,23.36788833,2009/6/30,中小鳥,麻雀
白河,3,N,311.8,120.4394375,23.3458665,2009/6/30,中小鳥,麻雀
白河,3,S,309.7,120.4351302,23.365109,2009/7/1,中小鳥,白頭翁
白河,3,S,282.3,120.5065865,23.57433617,2009/7/1,中小鳥,綠繡眼
白河,3,S,277.5,120.5350067,23.60808667,2009/7/1,其他,無法辨識
白河,3,N,309.9,120.4360707,23.36272767,2009/7/1,中小鳥,白頭翁
白河,3,S,298,120.4832433,23.44739033,2009/7/2,其他,台灣野兔
白河,3,S,290.2,120.4869947,23.5099315,2009/7/2,中小鳥,燕子
白河,3,S,286.7,120.4946805,23.53844517,2009/7/2,中小鳥,綠繡眼
白河,3,S,280.6,120.5160738,23.58690067,2009/7/2,其他,雨傘節
白河,3,N,270.8,120.5729647,23.64978383,2009/7/2,中小鳥,大卷尾
白河,3,N,272.3,120.5713655,23.6363925,2009/7/2,中小鳥,燕子
白河,3,N,287.2,120.490782,23.53460717,2009/7/2,中小鳥,綠繡眼
白河,3,N,292.3,120.4947617,23.49185033,2009/7/2,中小鳥,綠繡眼
白河,3,N,299.5,120.4754535,23.43484117,2009/7/2,中小鳥,綠繡眼
白河,3,N,307.4,120.4300197,23.3845155,2009/7/2,中小鳥,綠繡眼
白河,3,N,312.3,120.4382092,23.34146767,2009/7/2,中小鳥,白頭翁
白河,3,S,301.6,120.4631807,23.42105183,2009/7/3,中小鳥,麻雀
白河,3,S,295.4,120.497911,23.465955,2009/7/3,中小鳥,斑鳩
白河,3,S,290.4,120.4878977,23.50833283,2009/7/3,中小鳥,綠繡眼
白河,3,S,277.6,120.5340647,23.60769433,2009/7/3,其他,無法辨識
白河,3,N,296.2,120.492762,23.45962167,2009/7/3,其他,台灣黑眉錦蛇
白河,3,S,283.1,120.5049825,23.56723967,2009/7/4,中小鳥,麻雀
白河,3,S,272.5,120.5708702,23.63555533,2009/7/4,中小鳥,綠繡眼
白河,3,N,299.6,120.4747523,23.43421933,2009/7/4,中小鳥,白頭翁
白河,3,N,300.7,120.4671112,23.427288,2009/7/4,中小鳥,白頭翁
白河,3,N,308.6,120.4326033,23.37396833,2009/7/4,中小鳥,綠繡眼
白河,3,S,288.3,120.4858298,23.526693,2009/7/5,其他,溝鼠
白河,3,S,295,120.4994002,23.46929,2009/7/6,中小鳥,台灣夜鷹或猛禽
白河,3,S,292.6,120.4950377,23.48986867,2009/7/6,中小鳥,麻雀
白河,3,S,283,120.5050685,23.56814417,2009/7/6,中小鳥,白頭翁
白河,3,N,282.7,120.5055775,23.5700975,2009/7/6,中小鳥,燕子
白河,3,S,312.9,120.4358947,23.337329,2009/7/7,中小鳥,白頭翁
白河,3,S,288.8,120.4847632,23.52223917,2009/7/7,中小鳥,綠繡眼
白河,3,S,288.1,120.4864865,23.5283725,2009/7/7,中小鳥,綠繡眼
白河,3,N,287.1,120.4914138,23.5352855,2009/7/7,其他,無法辨識
白河,3,N,289.7,120.4857742,23.51348283,2009/7/7,中小鳥,燕子
白河,3,N,295.4,120.4977267,23.4652445,2009/7/7,其他,草花蛇
白河,3,S,306.9,120.4296578,23.389789,2009/7/8,中小鳥,麻雀
白河,3,S,306.8,120.4297163,23.39067583,2009/7/8,中小鳥,綠繡眼
白河,3,S,305.2,120.4343962,23.40431083,2009/7/8,其他,無法辨識
白河,3,S,304.8,120.4369982,23.40699967,2009/7/8,中小鳥,白頭翁
白河,3,S,290.1,120.4865953,23.51074467,2009/7/8,中小鳥,麻雀
白河,3,N,290.4,120.4884995,23.50777233,2009/7/8,中小鳥,麻雀
白河,3,N,291.2,120.4924123,23.50156233,2009/7/8,中小鳥,綠繡眼
白河,3,N,305,120.4352993,23.4050955,2009/7/8,中小鳥,台灣夜鷹或猛禽
白河,3,N,309,120.433675,23.37049433,2009/7/8,中小鳥,麻雀
白河,3,S,283.9,120.5048938,23.55997917,2009/7/9,中小鳥,白頭翁
白河,3,S,275.2,120.555655,23.61610633,2009/7/9,中小鳥,綠繡眼
白河,3,S,304.8,120.4369982,23.40699967,2009/7/9,中小鳥,綠繡眼
白河,3,S,301,120.4658433,23.42584183,2009/7/9,其他,無法辨識
白河,3,S,300.9,120.4663563,23.4266065,2009/7/9,中小鳥,麻雀
白河,3,N,270.8,120.5729647,23.64978383,2009/7/9,中小鳥,白頭翁
白河,3,N,272.5,120.570769,23.63467217,2009/7/9,中小鳥,斑鳩
白河,3,N,298.9,120.479221,23.4390535,2009/7/9,中小鳥,麻雀
白河,3,S,305.1,120.434983,23.40502667,2009/7/10,中小鳥,白頭翁
白河,3,S,297.8,120.4839282,23.44904983,2009/7/10,中小鳥,白尾八哥或八哥
白河,3,S,289.8,120.4855953,23.51330467,2009/7/10,中小鳥,斑鳩
白河,3,S,287.1,120.4918158,23.5359905,2009/7/10,中小鳥,綠繡眼
白河,3,S,283.3,120.5048928,23.56544583,2009/7/10,其他,無法辨識
白河,3,N,270.5,120.5727217,23.652474,2009/7/10,中小鳥,麻雀
白河,3,N,278,120.5301873,23.60515917,2009/7/10,中小鳥,綠繡眼
白河,3,N,279.6,120.5216867,23.59319267,2009/7/10,中小鳥,白頭翁
白河,3,N,289.4,120.4851443,23.51607933,2009/7/10,中小鳥,燕子
白河,3,N,289.8,120.4860643,23.51262433,2009/7/10,中小鳥,斑鳩
白河,3,N,290.3,120.4880132,23.50855017,2009/7/10,中小鳥,麻雀
白河,3,N,290.8,120.4905353,23.504735,2009/7/10,中小鳥,麻雀
白河,3,N,309.1,120.4339398,23.36963317,2009/7/10,其他,無法辨識
白河,3,S,309.3,120.4340652,23.3685655,2009/7/11,中小鳥,麻雀
白河,3,S,311.7,120.4393665,23.347593,2009/7/11,中小鳥,斑鳩
白河,3,S,308.5,120.4319327,23.375504,2009/7/11,中小鳥,麻雀
白河,3,S,301.1,120.4653618,23.42505167,2009/7/11,中小鳥,綠繡眼
白河,3,S,290.2,120.4869947,23.5099315,2009/7/11,中小鳥,褐頭鷦鶯
白河,3,S,289.5,120.4849385,23.51594383,2009/7/11,其他,無法辨識
白河,3,S,282.4,120.5062727,23.5734825,2009/7/11,中小鳥,白頭翁
白河,3,N,298.5,,,2009/7/11,中小鳥,斑鳩
白河,3,N,303.4,120.4489342,23.41122183,2009/7/11,中小鳥,白頭翁
白河,3,S,302.2,120.4598622,23.416609,2009/7/12,其他,赤腹松鼠
白河,3,S,298.1,120.4829023,23.44655083,2009/7/12,中小鳥,白尾八哥或八哥
白河,3,S,296,120.4945842,23.46160233,2009/7/12,中小鳥,白尾八哥或八哥
白河,3,S,287.2,120.4911538,23.53531367,2009/7/12,其他,無法辨識
白河,3,S,311.9,120.4392275,23.34584033,2009/7/13,中小鳥,麻雀
白河,3,S,308.5,120.4319327,23.375504,2009/7/13,中小鳥,麻雀
白河,3,N,276.1,120.547324,23.611663,2009/7/13,中小鳥,斑鳩
白河,3,N,278.8,120.525358,23.59965467,2009/7/13,中小鳥,斑鳩
白河,3,S,289.7,120.4853402,23.5141665,2009/7/14,中小鳥,斑鳩
白河,3,S,280.4,120.5174472,23.58822033,2009/7/14,其他,無法辨識
白河,3,S,274.9,120.557965,23.61781,2009/7/14,中小鳥,麻雀
白河,3,N,270.7,120.5728948,23.6506695,2009/7/14,中小鳥,白頭翁
白河,3,N,271.6,120.5727397,23.64256567,2009/7/14,中小鳥,麻雀
白河,3,N,286.6,120.494946,23.538384,2009/7/14,其他,無法辨識
白河,3,S,312.8,120.436333,23.33812933,2009/7/15,中小鳥,麻雀
白河,3,S,311.4,120.4392308,23.35023667,2009/7/15,中小鳥,麻雀
白河,3,S,309.9,120.435662,23.36337417,2009/7/15,中小鳥,麻雀
白河,3,S,308.8,120.4327275,23.37289833,2009/7/15,中小鳥,麻雀
白河,3,S,301,120.4658433,23.42584183,2009/7/15,中小鳥,白頭翁
白河,3,S,288.7,120.4848943,23.52312533,2009/7/15,中小鳥,麻雀
白河,3,S,283.5,120.5048805,23.5636005,2009/7/15,其他,無法辨識
白河,3,S,283.4,120.5048797,23.564546,2009/7/15,其他,龜殼花
白河,3,S,283.1,120.5049825,23.56723967,2009/7/15,其他,雨傘節
白河,3,S,282.9,120.5051868,23.569033,2009/7/15,其他,無法辨識
白河,3,N,277.9,120.5309637,23.6057225,2009/7/15,中小鳥,白頭翁
白河,3,N,280.3,120.517586,23.58808417,2009/7/15,中小鳥,麻雀
白河,3,N,285.7,120.5016053,23.54367067,2009/7/15,大鳥,小白鷺或黃頭鷺
白河,3,S,290.9,120.4904705,23.50444917,2009/7/16,中小鳥,麻雀
白河,3,S,297.5,120.4851585,23.4514945,2009/7/16,中小鳥,綠繡眼
白河,3,S,291.2,120.4919015,23.50208667,2009/7/16,中小鳥,綠繡眼
白河,3,N,283.7,120.5051028,23.56109417,2009/7/16,其他,鬼鼠
白河,3,N,284.3,120.5051253,23.55567683,2009/7/16,其他,無法辨識
白河,3,N,287.1,120.4914138,23.5352855,2009/7/16,中小鳥,綠繡眼
白河,3,N,290.1,120.4871398,23.51011283,2009/7/16,其他,雨傘節
白河,3,N,309.5,,,2009/7/16,中小鳥,綠繡眼
白河,3,S,311.4,120.4392308,23.35023667,2009/7/17,中小鳥,麻雀
白河,3,S,307.5,120.4298477,23.38433883,2009/7/17,中小鳥,麻雀
白河,3,S,305.8,120.431718,23.399475,2009/7/17,中小鳥,麻雀
白河,3,S,305.4,120.4333577,23.40279167,2009/7/17,中小鳥,麻雀
白河,3,S,298.7,120.4805512,23.44145533,2009/7/17,中小鳥,麻雀
白河,3,S,290.3,120.4874308,23.50912,2009/7/17,中小鳥,麻雀
白河,3,S,288.9,120.4846747,23.52134217,2009/7/17,中小鳥,麻雀
白河,3,S,285.1,120.5043563,23.5492195,2009/7/17,中小鳥,白頭翁
白河,3,S,282.2,120.5069235,23.57517583,2009/7/17,中小鳥,燕子
白河,3,S,277.3,120.5368732,23.60875233,2009/7/17,中小鳥,白尾八哥或八哥
白河,3,S,274.4,120.5616185,23.62098233,2009/7/17,中小鳥,斑鳩
白河,3,S,271.5,120.57272,23.6442775,2009/7/17,中小鳥,燕子
白河,3,S,272.8,120.5698763,23.63301433,2009/7/17,中小鳥,大卷尾
白河,3,S,307.7,120.430119,23.382555,2009/7/17,中小鳥,白頭翁
白河,3,S,299.3,120.47726,23.43693917,2009/7/17,中小鳥,麻雀
白河,3,S,307.6,120.4299682,23.383452,2009/7/18,其他,無法辨識
白河,3,S,304.3,120.44109,23.40950417,2009/7/18,中小鳥,燕子
白河,3,S,301.2,120.4649043,23.42424817,2009/7/18,其他,無法辨識
白河,3,S,288.9,120.4846747,23.52134217,2009/7/18,中小鳥,燕子
白河,3,S,287,120.492499,23.53664317,2009/7/18,中小鳥,麻雀
白河,3,N,300.2,120.4703338,23.43060567,2009/7/18,中小鳥,斑鳩
白河,3,N,301.1,120.4651305,23.42423783,2009/7/18,中小鳥,白頭翁
白河,3,S,285.4,120.5033555,23.54666667,2009/7/19,中小鳥,白頭翁
白河,3,N,308.5,120.4323347,23.37483483,2009/7/19,中小鳥,斑鳩
白河,3,S,309.7,120.4351302,23.365109,2009/7/20,中小鳥,麻雀
白河,3,S,287.1,120.4918158,23.5359905,2009/7/20,中小鳥,斑鳩
白河,3,N,290.1,120.4871398,23.51011283,2009/7/20,中小鳥,白頭翁
白河,3,N,295.6,120.4966433,23.46366767,2009/7/20,中小鳥,白頭翁
白河,3,S,309.8,120.4353965,23.36423917,2009/7/21,中小鳥,燕子
白河,3,S,309.6,120.4348633,23.36597267,2009/7/21,中小鳥,大卷尾
白河,3,S,309.4,120.4343298,23.3677055,2009/7/21,中小鳥,麻雀
白河,3,S,308.9,120.4329968,23.37202917,2009/7/21,其他,無法辨識
白河,3,N,274.8,120.5581808,23.61773,2009/7/21,中小鳥,綠繡眼
白河,3,S,301.3,120.4644697,23.42344967,2009/7/22,中小鳥,白頭翁
白河,3,S,274.9,120.557965,23.61781,2009/7/22,中小鳥,綠繡眼
白河,3,N,282.5,120.5059923,23.5718595,2009/7/22,中小鳥,麻雀
白河,3,N,287.3,120.4901728,23.533893,2009/7/22,中小鳥,綠繡眼
白河,3,N,296.2,120.492762,23.45962167,2009/7/22,中小鳥,白頭翁
白河,3,N,309,120.433675,23.37049433,2009/7/22,中小鳥,燕子
白河,3,N,312.9,120.4357288,23.33663283,2009/7/22,其他,無法辨識
白河,3,S,290.8,120.4899557,23.505215,2009/7/23,中小鳥,燕子
白河,3,N,290,120.4867452,23.51093567,2009/7/23,中小鳥,麻雀
白河,3,N,290.1,120.4871398,23.51011283,2009/7/23,中小鳥,麻雀
白河,3,N,290.5,120.4890008,23.50699767,2009/7/23,中小鳥,綠繡眼
白河,3,N,290.9,120.4910463,23.5039715,2009/7/23,中小鳥,麻雀
白河,3,S,313.1,120.4350018,23.335725,2009/7/24,中小鳥,白頭翁
白河,3,S,307.7,120.430119,23.382555,2009/7/24,其他,無法辨識
白河,3,S,299.3,120.47726,23.43693917,2009/7/24,其他,無法辨識
白河,3,S,281.6,120.5096148,23.5800385,2009/7/24,中小鳥,白頭翁
白河,3,N,306.8,120.4298542,23.38991217,2009/7/24,中小鳥,斑鳩
白河,3,N,309.8,120.4358068,23.36359383,2009/7/24,中小鳥,白頭翁
白河,3,S,310,120.4359345,23.3625,2009/7/26,其他,無法辨識
白河,3,N,298.8,120.4797215,23.43977717,2009/7/26,中小鳥,綠繡眼
白河,3,N,299.7,120.4740363,23.43361133,2009/7/26,中小鳥,白尾八哥或八哥
白河,3,N,314.4,120.4303688,23.32406967,2009/7/26,其他,無法辨識
白河,3,S,303.2,120.4515688,23.41196967,2009/7/27,中小鳥,白尾八哥或八哥
白河,3,S,295.5,120.4974477,23.46517517,2009/7/28,中小鳥,白頭翁
白河,3,S,290.3,120.4874308,23.50912,2009/7/29,中小鳥,白頭翁
岡山,1,S,353,120.3323618,22.7580515,2009/9/11,中小鳥,斑鳩
岡山,1,N,351,120.3257305,22.77411983,2009/9/15,貓狗,狗
岡山,10,W,14,120.3808715,22.7593755,2009/9/19,貓狗,貓
岡山,10,W,1.8,120.3284728,22.67524867,2009/9/21,中小鳥,麻雀
岡山,1,N,369.6,120.3394937,22.6097415,2009/9/17,中小鳥,麻雀
岡山,1,S,361.7,120.3284918,22.68050083,2009/9/19,貓狗,貓
岡山,1,N,370.2,120.3420235,22.60487067,2009/9/27,中小鳥,鴿子
岡山,1,N,320.5,,,2009/9/17,大鳥,喜鵲
岡山,1,N,325.8,120.2484127,22.98639683,2009/9/20,中小鳥,鴿子
岡山,1,N,334,120.261935,22.91471333,2009/9/21,中小鳥,麻雀
岡山,1,S,331.8,120.2531275,22.93374683,2009/9/22,中小鳥,麻雀
岡山,1,S,333.6,120.2598688,22.91876517,2009/9/23,中小鳥,麻雀
岡山,1,N,332.5,120.256325,22.92717683,2009/9/24,中小鳥,鴿子
岡山,1,N,332.7,120.2570663,22.92551133,2009/9/25,中小鳥,鴿子
岡山,1,S,337.9,120.2768877,22.88363417,2009/9/26,中小鳥,鴿子
岡山,1,S,330.9,120.2499667,22.94119383,2009/9/27,中小鳥,鴿子
岡山,1,N,332.4,120.2559427,22.92801367,2009/9/28,中小鳥,鴿子
岡山,1,N,332.3,120.2555667,22.928849,2009/9/29,中小鳥,鴿子
岡山,1,S,341,120.288833,22.85757,2009/9/21,中小鳥,鴿子
岡山,1,N,342,120.2934088,22.84886917,2009/9/22,中小鳥,鴿子
岡山,1,N,,,,2009/9/24,中小鳥,鴿子
岡山,1,N,347.6,120.3166268,22.80348583,2009/9/25,中小鳥,鴿子
岡山,1,N,342.8,120.2976257,22.84268817,2009/9/26,中小鳥,麻雀
岡山,1,N,349.1,120.32004,22.79025733,2009/9/27,中小鳥,鴿子
岡山,1,N,347,120.3152643,22.8088315,2009/9/28,貓狗,貓
岡山,1,N,344.8,120.3080838,22.827412,2009/9/30,中小鳥,麻雀
岡山,1,S,363,120.3293865,22.66870933,2009/10/16,中小鳥,斑鳩
岡山,1,S,362.5,120.3290327,22.67330667,2009/10/19,其他,台灣黑眉錦蛇
岡山,1,N,361.7,120.328804,22.67959717,2009/10/21,其他,雨傘節
岡山,1,S,356.2,120.3340233,22.72931883,2009/10/23,貓狗,狗
岡山,1,S,371,120.3411567,22.598768,2009/10/30,貓狗,貓
岡山,10,W,13.9,120.3799102,22.7592195,2009/10/21,貓狗,貓
岡山,10,E,4.2,120.3489847,22.68381083,2009/10/31,中小鳥,鴿子
岡山,1,S,351,120.3252878,22.77465817,2009/10/16,中小鳥,鴿子
岡山,1,N,343.5,120.3012995,22.837328,2009/10/17,中小鳥,鴿子
岡山,1,N,339.8,120.2852503,22.86710617,2009/10/18,中小鳥,鴿子
岡山,1,S,342.1,120.2933527,22.84854933,2009/10/19,中小鳥,麻雀
岡山,1,S,352.1,120.3289403,22.76538567,2009/10/20,大鳥,小白鷺或黃頭鷺
岡山,1,N,341.3,120.290382,22.85437183,2009/10/21,中小鳥,麻雀
岡山,1,S,353,120.3323618,22.7580515,2009/10/22,中小鳥,鴿子
岡山,1,N,343,120.2986922,22.841127,2009/10/24,中小鳥,鴿子
岡山,1,N,349.8,120.3219553,22.78434233,2009/10/25,中小鳥,麻雀
岡山,1,S,348.3,,,2009/10/26,中小鳥,麻雀
岡山,1,S,353.6,120.3339365,22.75275133,2009/10/27,貓狗,狗
岡山,1,N,341.8,120.2924433,22.85038317,2009/10/28,中小鳥,鴿子
岡山,1,N,335,120.2656088,22.90654117,2009/10/16,中小鳥,鴿子
岡山,1,S,338,120.277297,22.88286483,2009/10/17,貓狗,貓
岡山,1,N,331.9,120.2540673,22.932182,2009/10/22,中小鳥,鴿子
岡山,1,N,328.1,120.2502148,22.96550567,2009/10/23,中小鳥,鴿子
岡山,1,R,331.5,120.2525658,22.93551967,2009/10/29,中小鳥,鴿子
岡山,1,N,335,120.2656088,22.90654117,2009/10/31,中小鳥,鴿子
岡山,1,N,333.7,120.2608033,22.91722183,2009/9/9,中小鳥,麻雀
岡山,1,S,344.1,120.3037883,22.83324583,2009/9/9,貓狗,狗
岡山,10,E,3.5,120.34289,22.681048,2009/10/2,中小鳥,鴿子
岡山,10,W,15.4,120.3935472,22.7634995,2009/10/6,中小鳥,斑鳩
岡山,10,E,15.2,120.3911478,22.76190367,2009/10/12,貓狗,貓
岡山,1,S,362.5,120.3290327,22.67330667,2009/10/2,其他,無法辨識
岡山,1,S,362.5,120.3290327,22.67330667,2009/10/3,其他,虎皮蛙或貢德氏赤蛙
岡山,1,N,371.1,120.3404083,22.59721183,2009/10/7,貓狗,狗
岡山,1,R,348.5,120.3186825,22.79554417,2009/10/1,中小鳥,鴿子
岡山,1,N,342,120.2934088,22.84886917,2009/10/5,中小鳥,鴿子
岡山,1,N,344.6,120.3070553,22.82893567,2009/10/6,貓狗,貓
岡山,1,N,350.9,120.3254157,22.77496467,2009/10/7,中小鳥,鴿子
岡山,1,N,341,120.2893635,22.85685617,2009/10/8,中小鳥,鴿子
岡山,1,S,342,120.2928452,22.84931417,2009/10/9,中小鳥,麻雀
岡山,1,N,347.2,120.3157132,22.80706067,2009/10/10,中小鳥,麻雀
岡山,1,S,342.7,120.2964812,22.8439765,2009/10/11,中小鳥,麻雀
岡山,1,S,348,120.3171098,22.800669,2009/10/15,大鳥,小白鷺或黃頭鷺
岡山,1,S,320,120.250762,23.03896583,2009/10/1,中小鳥,鴿子
岡山,1,N,325,120.2483293,22.99365683,2009/10/2,貓狗,狗
岡山,1,N,328,120.2502017,22.9664525,2009/10/10,貓狗,狗
岡山,1,N,371,120.3409462,22.59801317,2009/11/6,中小鳥,麻雀
岡山,1,N,360.3,120.327881,22.6921235,2009/11/12,貓狗,狗
岡山,1,S,360.8,120.3278695,22.68839583,2009/11/14,中小鳥,鴿子
岡山,10,E,4.1,120.3481097,22.68341217,2009/11/4,中小鳥,斑鳩
岡山,10,W,5.6,120.3578957,22.693494,2009/11/12,中小鳥,鴿子
岡山,1,N,346,120.3129855,22.81756517,2009/11/9,貓狗,貓
岡山,1,S,342.3,120.2943948,22.84702317,2009/11/13,中小鳥,麻雀
岡山,1,S,343,120.2980443,22.8416865,2009/11/14,大鳥,小白鷺或黃頭鷺
岡山,1,N,350.6,120.3244462,22.777587,2009/11/16,貓狗,貓
岡山,1,N,328,120.2502017,22.9664525,2009/11/2,貓狗,狗
岡山,1,N,337.3,,,2009/11/2,貓狗,狗
岡山,1,N,331.5,120.2525658,22.93551967,2009/11/6,中小鳥,鴿子
岡山,1,N,334.2,120.2626632,22.91309017,2009/11/9,中小鳥,鴿子
岡山,1,N,335.6,120.2680057,22.90126417,2009/11/10,中小鳥,鴿子
岡山,1,S,334.3,120.262488,22.912932,2009/11/11,中小鳥,鴿子
岡山,1,S,331.2,120.2509052,22.938695,2009/11/12,中小鳥,鴿子
岡山,1,N,337.5,,,2009/11/13,中小鳥,鴿子
岡山,1,N,332.4,120.2559427,22.92801367,2009/11/14,中小鳥,鴿子
岡山,1,S,333.1,120.2579793,22.9229645,2009/11/15,中小鳥,鴿子
岡山,1,S,360,,,2009/11/23,貓狗,貓
岡山,1,N,360.8,120.3282123,22.687664,2009/11/24,中小鳥,鴿子
岡山,1,N,360.8,120.3282123,22.687664,2009/11/24,貓狗,狗
岡山,1,N,360,120.3276867,22.69482783,2009/11/25,貓狗,狗
岡山,1,N,366.8,,,2009/11/26,中小鳥,麻雀
岡山,1,N,372,120.3348297,22.59069567,2009/11/30,貓狗,狗
岡山,10,R,16.5,,,2009/11/18,中小鳥,麻雀
岡山,10,R,3.5,120.34289,22.681048,2009/11/21,貓狗,狗
岡山,10,R,4,120.3472493,22.68302233,2009/11/25,中小鳥,鴿子
岡山,10,R,17.1,120.4068723,22.77078117,2009/11/26,中小鳥,麻雀
岡山,10,R,17.1,120.4068723,22.77078117,2009/11/26,其他,無法辨識
岡山,1,R,,,,2009/11/16,貓狗,貓
岡山,1,R,,,,2009/11/24,中小鳥,麻雀
岡山,1,R,,,,2009/11/26,中小鳥,鴿子
岡山,1,N,331,120.2507143,22.939737,2009/11/18,中小鳥,鴿子
岡山,1,N,332.8,120.2574427,22.924681,2009/11/22,中小鳥,鴿子
岡山,1,S,323,120.2492818,23.0121735,2009/11/24,貓狗,狗
岡山,1,S,324,120.2480063,23.00327183,2009/11/25,貓狗,貓
岡山,1,N,332.3,120.2555667,22.928849,2009/11/26,中小鳥,鴿子
岡山,1,S,327.7,120.2496553,22.9700185,2009/11/29,貓狗,狗
岡山,1,N,361.6,120.3287337,22.68050117,2009/12/2,中小鳥,斑鳩
岡山,1,S,362.8,120.3292385,22.67055,2009/12/5,貓狗,貓
岡山,1,N,360.1,120.3277458,22.69392383,2009/12/7,中小鳥,麻雀
岡山,1,N,368.2,120.3365182,22.62193883,2009/12/10,中小鳥,麻雀
岡山,1,N,370.1,120.3416185,22.60568483,2009/12/11,中小鳥,鴿子
岡山,1,S,360.2,120.3274575,22.6937865,2009/12/14,中小鳥,鴿子
岡山,10,W,11.2,120.3622435,22.7434775,2009/12/4,貓狗,狗
岡山,10,E,13.5,120.3751782,22.75795217,2009/12/8,貓狗,貓
岡山,10,W,5.2,120.3569785,22.68990483,2009/12/11,中小鳥,麻雀
岡山,10,W,5.3,120.357299,22.69076383,2009/12/15,中小鳥,鴿子
岡山,1,S,343.5,120.3006703,22.837825,2009/12/4,中小鳥,麻雀
岡山,1,S,342.8,120.2970017,22.843215,2009/12/7,中小鳥,斑鳩
岡山,1,N,341.3,120.290382,22.85437183,2009/12/10,中小鳥,斑鳩
岡山,1,N,345.8,120.3124127,22.81930533,2009/12/14,中小鳥,斑鳩
岡山,1,N,326.7,120.2486635,22.9782265,2009/12/4,中小鳥,鴿子
岡山,1,N,335.8,120.2688478,22.8994935,2009/12/5,貓狗,貓
岡山,1,S,355.7,120.3342135,22.7338205,2009/12/6,貓狗,狗
岡山,1,S,335.3,120.2662398,22.90460667,2009/12/7,中小鳥,鴿子
岡山,1,S,333.3,120.2587428,22.92126533,2009/12/8,中小鳥,鴿子
岡山,1,N,333.4,120.2596915,22.91967883,2009/12/9,中小鳥,鴿子
岡山,1,S,320.2,120.2504222,23.03723217,2009/12/11,貓狗,狗
岡山,1,N,325.7,120.2484028,22.98730067,2009/12/12,中小鳥,鴿子
岡山,1,S,332.9,120.257228,22.924634,2009/12/13,中小鳥,鴿子
岡山,1,S,332.9,120.257228,22.924634,2009/12/13,貓狗,貓
岡山,1,S,320.7,120.249581,23.03276917,2009/12/14,貓狗,貓
岡山,1,N,361.5,,,2009/12/18,中小鳥,斑鳩
岡山,1,S,366.5,120.3370498,22.63814983,2009/12/24,中小鳥,鴿子
岡山,1,N,371.2,120.3398775,22.59645667,2009/12/27,中小鳥,麻雀
岡山,1,N,356.3,120.3340332,22.72775167,2009/12/28,貓狗,貓
岡山,10,W,7.1,120.360269,22.7066735,2009/12/18,中小鳥,鴿子
岡山,10,E,4.2,120.3489847,22.68381083,2009/12/22,中小鳥,鴿子
岡山,10,W,4.6,120.353194,22.6858735,2009/12/27,中小鳥,鴿子
岡山,1,N,339.346,,,2009/12/17,中小鳥,斑鳩
岡山,1,N,339.346,,,2009/12/17,貓狗,貓
岡山,1,S,350.8,120.3246368,22.77641133,2009/12/22,中小鳥,斑鳩
岡山,1,S,343.6,120.3011875,22.83706467,2009/12/23,中小鳥,斑鳩
岡山,1,N,343.4,120.3007815,22.83807783,2009/12/28,中小鳥,麻雀
岡山,1,N,341.6,120.2915627,22.85193583,2009/12/30,中小鳥,斑鳩
岡山,1,N,331.6,120.252941,22.934687,2009/12/16,中小鳥,鴿子
岡山,1,N,336.2,120.2704882,22.89616233,2009/12/17,中小鳥,鴿子
岡山,1,N,329.5,120.2492037,22.95280667,2009/12/19,中小鳥,鴿子
岡山,1,S,333.2,120.2583513,22.922136,2009/12/20,中小鳥,鴿子
岡山,1,N,330.6,120.2496368,22.943172,2009/12/21,中小鳥,鴿子
岡山,1,N,331.9,120.2540673,22.932182,2009/12/22,中小鳥,鴿子
岡山,1,S,336.1,120.269533,22.8975605,2009/12/23,中小鳥,鴿子
岡山,1,S,332.9,120.257228,22.924634,2009/12/24,中小鳥,鴿子
岡山,1,N,321.9,120.25036,23.021348,2009/12/25,中小鳥,鴿子
岡山,1,S,336.2,120.2699158,22.89679,2009/12/29,中小鳥,鴿子
岡山,1,S,332.8,120.2568543,22.92546117,2009/12/30,中小鳥,鴿子
屏東,3,S,403.1,120.5614973,22.67232783,2009/10/1,中小鳥,無法辨識
屏東,3,N,411.3,120.5290253,22.60547983,2009/10/4,中小鳥,無法辨識
屏東,3,S,417.8,120.5207767,22.54978183,2009/10/11,中小鳥,無法辨識
屏東,3,N,422.1,120.5249057,22.5112305,2009/10/12,中小鳥,無法辨識
屏東,3,S,423.3,120.5257147,22.50124067,2009/10/15,中小鳥,無法辨識
屏東,3,S,413.1,120.5246157,22.5904755,2009/10/17,中小鳥,無法辨識
屏東,3,N,415.5,120.52826,22.56840733,2009/10/20,中小鳥,無法辨識
屏東,3,N,422.1,120.5249057,22.5112305,2009/10/22,中小鳥,無法辨識
屏東,3,S,430.1,120.509074,22.44819183,2009/10/25,中小鳥,無法辨識
屏東,3,N,430.3,120.5074458,22.44636533,2009/10/30,中小鳥,無法辨識
屏東,3,N,364.3,120.3508213,22.924779,2009/10/7,其他,龜殼花
屏東,3,S,360.1,120.3468887,22.960694,2009/10/9,其他,雨傘節
屏東,3,S,381.1,120.4262173,22.80214083,2009/10/18,中小鳥,領角鴞
屏東,3,S,381,120.426141,22.80304967,2009/10/23,中小鳥,領角鴞
屏東,3,S,363.1,120.3518702,22.93627,2009/10/24,其他,赤尾青竹絲
屏東,10,W,33.6,120.4942593,22.868206,2009/10/26,其他,眼鏡蛇
屏東,3,S,360.1,120.3468887,22.960694,2009/10/30,其他,龜殼花
屏東,3,N,424,120.5285048,22.49449933,2009/11/2,其他,南蛇
屏東,3,S,400.1,120.5547233,22.696731,2009/11/3,中小鳥,無法辨識
屏東,3,N,398.5,120.5422402,22.70395117,2009/11/6,中小鳥,無法辨識
屏東,3,S,392.7,120.5028343,22.741952,2009/11/10,中小鳥,無法辨識
屏東,3,S,392.7,120.5028343,22.741952,2009/11/10,中小鳥,麻雀
屏東,3,S,399.9,120.5531467,22.69777367,2009/11/11,中小鳥,無法辨識
屏東,3,N,395,120.5197173,22.72723283,2009/11/15,貓狗,貓
屏東,3,N,397.7,120.536072,22.70838783,2009/11/18,貓狗,狗
屏東,3,S,398.8,120.5439645,22.70277,2009/11/20,貓狗,貓
屏東,3,N,401.1,120.5613503,22.68911183,2009/11/25,中小鳥,無法辨識
屏東,3,N,402.5,120.5629022,22.67678967,2009/11/30,中小鳥,無法辨識
屏東,3,S,364.9,120.3495012,22.92019317,2009/11/17,其他,龜殼花
屏東,3,N,358.3,120.3360285,22.971583,2009/11/19,其他,雨傘節
斗南,1,N,178.6,120.6307937,24.17475633,2009/12/14,大鳥,小白鷺或黃頭鷺
斗南,1,S,178.8,120.6301678,24.17434417,2009/12/15,中小鳥,麻雀
大甲,3,N,185,120.5530312,24.18592533,2009/8/4,貓狗,狗
大甲,3,S,151.5,120.6809963,24.44175717,2009/8/5,中小鳥,麻雀
大甲,3,S,133.1,120.7650787,24.58089183,2009/8/5,中小鳥,鴿子
大甲,3,S,121.5,120.8389913,24.65678383,2009/8/6,中小鳥,麻雀
大甲,3,S,121.5,120.8389913,24.65678383,2009/8/6,中小鳥,大卷尾
大甲,3,S,119,120.8471275,24.67703417,2009/8/10,中小鳥,白尾八哥或八哥
大甲,3,N,119.2,120.8474965,24.6745245,2009/8/10,大鳥,小白鷺或黃頭鷺
大甲,3,S,152.5,120.6831195,24.43300833,2009/8/11,中小鳥,無法辨識
大甲,3,S,152.5,120.6831195,24.43300833,2009/8/11,大鳥,小白鷺或黃頭鷺
大甲,3,N,123,120.827952,24.646317,2009/8/12,中小鳥,麻雀
大甲,3,S,147.9,120.6849783,24.47249733,2009/8/13,中小鳥,鴿子
大甲,3,S,147.9,120.6849783,24.47249733,2009/8/13,中小鳥,白尾八哥或八哥
大甲,3,S,126,120.8134348,24.62448617,2009/8/14,中小鳥,麻雀
大甲,3,S,118,120.8487772,24.68587567,2009/8/14,中小鳥,白尾八哥或八哥
大甲,3,S,169,120.6133135,24.307458,2009/8/4,中小鳥,斑鳩
大甲,3,N,188.3,120.5317077,24.16483117,2009/8/5,中小鳥,斑鳩
大甲,3,S,168.4,120.6171215,24.31168017,2009/8/5,中小鳥,鴿子
白河,3,N,324,120.3762573,23.258922,2010/5/28,中小鳥,白頭翁
白河,3,N,324.1,120.3762378,23.25801667,2010/5/28,中小鳥,麻雀
白河,3,N,327.1,120.3625572,23.23495617,2010/5/28,中小鳥,麻雀
白河,3,N,327.4,120.3622763,23.23226683,2010/5/28,中小鳥,白頭翁
白河,3,N,334.9,120.3519442,23.16580717,2010/5/28,中小鳥,斑鳩
白河,3,N,337.1,120.3401265,23.149065,2010/5/28,中小鳥,斑鳩
白河,3,N,342.9,120.3282752,23.09908583,2010/5/28,中小鳥,白頭翁
白河,3,N,346,120.3273665,23.07136217,2010/5/28,中小鳥,麻雀
白河,3,N,347.5,120.3220932,23.05878717,2010/5/28,中小鳥,紅尾伯勞
白河,3,S,323,120.3771945,23.2685645,2010/5/29,中小鳥,白頭翁
白河,3,S,327,120.362647,23.23661333,2010/5/29,其他,無法辨識
白河,3,S,328.5,120.3599698,23.22333767,2010/5/29,中小鳥,燕子
白河,3,S,345,120.3291185,23.08102033,2010/5/29,中小鳥,斑鳩
白河,3,N,320.1,120.3963025,23.28634533,2010/5/29,中小鳥,斑鳩
白河,3,N,330.7,120.3555575,23.20345283,2010/5/29,中小鳥,斑鳩
白河,3,S,320.8,120.392852,23.281936,2010/5/30,中小鳥,斑鳩
白河,3,S,321.7,120.386161,23.27673683,2010/5/30,中小鳥,斑鳩
白河,3,S,325.9,120.3675797,23.2453615,2010/5/30,中小鳥,燕子
白河,3,S,339.7,120.3329165,23.12804917,2010/5/30,中小鳥,斑鳩
白河,3,S,350.9,120.327399,23.03001583,2010/5/30,其他,無法辨識
白河,3,S,354.5,120.3202007,22.998842,2010/5/30,其他,無法辨識
白河,3,N,325.3,120.3713955,23.24838967,2010/5/30,中小鳥,麻雀
白河,3,N,345.3,120.3291265,23.077576,2010/5/30,中小鳥,斑鳩
白河,3,N,354,120.3202705,23.00261,2010/5/30,中小鳥,白頭翁
白河,3,N,356.2,120.3212847,22.9829015,2010/5/30,中小鳥,麻雀
白河,3,S,282.3,120.5065865,23.57433617,2010/5/31,中小鳥,白尾八哥
白河,3,S,304.1,120.4429497,23.41019517,2010/5/31,中小鳥,台灣夜鷹
白河,3,S,327.2,120.3623413,23.234839,2010/5/31,中小鳥,白頭翁
白河,3,S,348.4,120.32113,23.05156617,2010/5/31,中小鳥,綠繡眼
白河,3,S,352.4,120.3231522,23.0172125,2010/5/31,其他,無法辨識
白河,3,N,343.8,120.3287752,23.09107517,2010/5/31,中小鳥,斑鳩
白河,3,N,318.4,120.406496,23.29829783,2010/5/31,中小鳥,麻雀
白河,3,N,332.6,120.3552152,23.18635033,2010/5/31,中小鳥,鴿子
白河,3,N,333.8,120.3546483,23.17547267,2010/5/31,其他,無法辨識
白河,3,N,345.4,120.3289868,23.0766265,2010/5/31,中小鳥,斑鳩
白河,3,N,351.7,120.3259732,23.02208983,2010/5/31,中小鳥,白頭翁
白河,3,N,356.2,120.3212847,22.9829015,2010/5/31,中小鳥,白頭翁
新營,1,S,283.4,120.3179057,23.34474817,2010/4/1,中小鳥,鴿子
新營,1,S,264.4,120.3907128,23.4941535,2010/4/1,其他,無法辨識
新營,1,N,319.2,120.2522093,23.04525267,2010/4/1,中小鳥,麻雀
新營,1,S,313.6,120.2493435,23.096339,2010/4/1,中小鳥,麻雀
新營,1,S,270.8,120.3652208,23.4421785,2010/4/2,中小鳥,麻雀
新營,1,N,303.9,120.2353432,23.17965567,2010/4/2,其他,無法辨識
新營,1,N,290.5,120.2804887,23.29045883,2010/4/3,中小鳥,麻雀
新營,1,S,288.4,120.2910303,23.30778133,2010/4/3,其他,無法辨識
新營,1,S,286.1,120.3012713,23.3260385,2010/4/3,中小鳥,麻雀
新營,1,N,307.1,120.2309417,23.1513735,2010/4/3,貓狗,狗
新營,1,S,314,120.2501003,23.09288517,2010/4/3,中小鳥,麻雀
新營,1,N,252.3,120.4336393,23.59383033,2010/4/4,中小鳥,燕子
新營,1,N,295.2,120.25673,23.25450367,2010/4/4,中小鳥,麻雀
新營,1,S,273.4,120.355531,23.42050917,2010/4/5,中小鳥,麻雀
新營,1,S,260.4,120.4053815,23.52649967,2010/4/5,中小鳥,麻雀
新營,1,N,310.9,120.2430613,23.119246,2010/4/5,其他,無法辨識
新營,1,S,313.7,120.2495163,23.09546683,2010/4/5,其他,無法辨識
新營,1,N,252.3,120.4336393,23.59383033,2010/4/6,其他,無法辨識
新營,1,N,289.4,120.2852218,23.2995145,2010/4/6,中小鳥,麻雀
新營,1,S,288.7,120.2893857,23.30548367,2010/4/6,其他,無法辨識
新營,1,N,310.1,120.2401152,23.12593267,2010/4/6,中小鳥,麻雀
新營,1,N,319.2,120.2522093,23.04525267,2010/4/6,其他,無法辨識
新營,1,S,272.1,120.359142,23.43184483,2010/4/7,其他,無法辨識
新營,1,S,270.6,120.3662668,23.443665,2010/4/7,中小鳥,麻雀
新營,1,N,299.1,120.2403565,23.22270183,2010/4/7,中小鳥,麻雀
新營,1,S,316.4,120.2528148,23.07133483,2010/4/7,中小鳥,麻雀
新營,1,S,285.2,120.3057747,23.33300533,2010/4/8,中小鳥,麻雀
新營,1,N,312.4,120.2474852,23.106245,2010/4/8,中小鳥,麻雀
新營,1,N,294.1,120.2610888,23.263632,2010/4/9,中小鳥,麻雀
新營,1,S,284.2,120.3120252,23.33991367,2010/4/9,其他,無法辨識
新營,1,N,318.9,120.2527025,23.0479635,2010/4/9,中小鳥,麻雀
新營,1,S,302.3,120.236305,23.19509517,2010/4/9,中小鳥,鴿子
新營,1,N,258.7,120.4108102,23.54023783,2010/4/10,中小鳥,鴿子
新營,1,S,311.2,120.2435813,23.117281,2010/4/10,其他,無法辨識
新營,1,N,254.2,120.4268298,23.57791133,2010/4/11,中小鳥,麻雀
新營,1,S,277.7,120.3539927,23.38182133,2010/4/11,中小鳥,麻雀
新營,1,N,286.6,120.298955,23.32114117,2010/4/11,貓狗,貓
新營,1,N,296.3,120.2518632,23.24549533,2010/4/11,中小鳥,麻雀
新營,1,N,317.2,120.2534038,23.06318817,2010/4/11,其他,無法辨識
新營,1,N,293.7,120.2626488,23.2669405,2010/4/12,中小鳥,麻雀
新營,1,N,292.9,120.2664078,23.27321533,2010/4/13,中小鳥,麻雀
新營,1,S,280.7,120.3391675,23.35909733,2010/4/13,中小鳥,麻雀
新營,1,N,281,120.3365035,23.35658133,2010/4/13,其他,無法辨識
新營,1,S,316.8,120.253024,23.0677855,2010/4/13,中小鳥,麻雀
新營,1,S,311.1,120.2432548,23.11812867,2010/4/13,其他,無法辨識
新營,1,S,269.9,120.3698725,23.44884883,2010/4/14,中小鳥,麻雀
新營,1,N,272.9,120.3565935,23.42409783,2010/4/15,其他,無法辨識
新營,1,S,280.8,120.3384817,23.35853333,2010/4/15,中小鳥,麻雀
新營,1,N,294.1,120.2610888,23.263632,2010/4/15,中小鳥,麻雀
新營,1,S,301.8,120.2363533,23.19960467,2010/4/15,其他,無法辨識
新營,1,S,270.9,120.3647168,23.44145683,2010/4/16,中小鳥,麻雀
新營,1,S,314.6,120.2510757,23.08758667,2010/4/16,中小鳥,麻雀
新營,1,N,292.2,120.2708388,23.27802317,2010/4/17,中小鳥,麻雀
新營,1,S,264.3,120.3913113,23.4948115,2010/4/17,中小鳥,麻雀
新營,1,N,296.1,120.2527365,23.24710817,2010/4/17,中小鳥,麻雀
新營,1,S,307.2,120.2307323,23.15128233,2010/4/17,其他,無法辨識
新營,1,N,313.7,120.2500173,23.0946975,2010/4/18,其他,無法辨識
新營,1,S,265,120.3872105,23.48986083,2010/4/19,其他,無法辨識
新營,1,S,317.2,120.2531563,23.064223,2010/4/19,中小鳥,麻雀